{
  "cube": {
    "color": "#000000",
    "position": {
      "x": -0.9999999999999999,
      "y": -0.7999999999999999,
      "z": 2
    },
    "rotation": {
      "x": 2.867833960760977,
      "y": -1.1083326378796026,
      "z": -2.8759917254191665
    }
  },
  "light": {
    "intensity": 5
  },
  "background": {
    "color": "#b98383"
  }
}