{
  "cube": {
    "color": "#4e2d2d",
    "position": {
      "x": 1.5000000000000002,
      "y": -0.4,
      "z": 2
    },
    "rotation": {
      "x": -2.54823790498106,
      "y": -0.5185096576925158,
      "z": 2.326665621685186
    }
  },
  "light": {
    "intensity": 3.4
  },
  "background": {
    "color": "#b89494"
  }
}