{
  "cube": {
    "color": "#b54a4a",
    "position": {
      "x": 0.30000000000000004,
      "y": -0.4,
      "z": 2
    },
    "rotation": {
      "x": 2.866814777576261,
      "y": 0.22203043543606038,
      "z": -3.0158003521058503
    }
  },
  "light": {
    "intensity": 3.4
  },
  "background": {
    "color": "#ff0000"
  }
}