{
  "cube": {
    "color": "#4e2d2d",
    "position": {
      "x": 1.5000000000000002,
      "y": -0.4,
      "z": 2
    },
    "rotation": {
      "x": -2.470807646226444,
      "y": -0.48571458851693716,
      "z": 2.3005435035482042
    }
  },
  "light": {
    "intensity": 3.4
  },
  "background": {
    "color": "#b89494"
  }
}