{
  "cube": {
    "color": "#b54a4a",
    "position": {
      "x": 0.30000000000000004,
      "y": -0.3,
      "z": 0
    },
    "rotation": {
      "x": 2.9943910583457978,
      "y": -0.570999022234887,
      "z": 2.982277660190375
    }
  },
  "light": {
    "intensity": 3.9
  },
  "background": {
    "color": "#ff0000"
  }
}