{
  "cube": {
    "color": "#e37d7d",
    "position": {
      "x": 1.8000000000000005,
      "y": 1.3,
      "z": 0
    },
    "rotation": {
      "x": -0.9468297390441728,
      "y": 0.48449222373269135,
      "z": 0.3058190628101023
    }
  },
  "light": {
    "intensity": 1
  },
  "background": {
    "color": "#ff0000"
  }
}